clean_comment,sentiment,category
ğŸ‘ğŸ‘ğŸ‘,negative,other
its stupid how you absolutely ate this,negative,other
america,positive,other
1010,positive,other
v,positive,other
price kitni hai,positive,other
why do we need tocover up our beauty btw this obviously fake,negative,other
soo cute,spam,other
super cute,spam,other
you just said not to put it behind your earsğŸ˜¼,positive,other
its like sun and the moon,positive,general_command
she is so prettyâ¤,spam,other
nice very goodğŸ‘ video didiğŸ˜˜ğŸ˜˜,positive,other
love you girl ğŸ¦‹ğŸ©·ğŸ©·,spam,other
que bonitos cortes,positive,other
can you pls do ğŸŒğŸŒªğŸªğŸ¤’,positive,other
can someone tell me the piano song that plays in the background,positive,other
nightğŸ‘ŒğŸ«°ğŸ‘,positive,other
apobiyer saj ta daw,positive,other
didi you are so cute and beautiful â¤,spam,other
east or west india is the best ğŸ˜€,spam,other
as a 57 black man whos facially handsome i would trade my face for 5 inches in height without a 2nd thought body and physique just matters more,spam,other
slay,positive,other
ğŸ˜ğŸ˜ğŸ˜ğŸ˜ğŸ˜ğŸ‘ğŸ‘ğŸ‘ğŸ‘,positive,other
everyone lying so badlyjust to make 1 person feel better about themselvesim not even gonna lie not even a wig and makeupim gonna save youğŸ˜‚,negative,cosmetic
so many girls are soo ugly without makeup where are all the natural beauties do they even exist any more,negative,cosmetic
i have 3 sisters but im not sure what they are called but they are used for spreadingapplying makeup am i right ğŸ‘‡,positive,cosmetic
poli,positive,other
agreed,positive,other
so beautiful what size of the t3 curler do you use,spam,other
me encantarÃ­a q este traducido en espaÃ±ol ğŸ™â¤,spam,other
i like 1990,positive,general_command
how long does it lastğŸ‘€,positive,other
what abt filipino ğŸ˜ğŸ™,negative,other
this is my go to makeup,spam,cosmetic
my favourite is 1990s becos my mum was born in the 1990sğŸ˜ŠğŸ˜ŠğŸ˜Šâ¤â¤,positive,other
you are very preety,spam,other
pink is my favorite color and im a preppy too,spam,other
â¤beautiful face doesnt need makeup,spam,cosmetic
â¤â¤â¤â¤welcome sweetie,spam,other
is that you in your profile picture,positive,other
girl im about to start using vaseline,positive,other
slay girly you are beautifulğŸ’…ğŸ’…,spam,other
beyoncÃ© will have someone write whatever yall want to hear its just a money grab her products will more than likely be trash she doesnt care at all she just needs everyone to run out and try it shell make millions off that alone,negative,general_command
ğŸ˜,positive,other
the 60s and the 20s,positive,other
literally youve hit the nail on the head,negative,other
as a girl i cant even see the diff,positive,other
happens with meall the time ğŸ˜’,negative,other
literally ğŸ˜­,positive,other
yay us too âœ¨ğŸ’•,spam,other
i didnt know that it makes sense tbh,positive,other
im glad you like them i always giggle finding them for you too,spam,general_command
filter,positive,other
hey hack if you do not want eye makeup to go do it last pls pin,positive,cosmetic
love love all youre videos you always look amazingğŸ¥°ğŸ¥°ğŸ¥° love the contents of this video thanks for sharing â¤â¤â¤ğŸ’¯,positive,other
i dont know why but u look like chapriğŸ˜‚ğŸ‘Œ,spam,general_command
thats true,positive,other
i am beautiful i am loved and i am enough beautiful quote to live by,spam,other
your pretty before and pretty after,spam,other
jasmine but a bit more wavier,positive,other
thanks so much i loved making this video with gail and every video xoxo ro,spam,other
my turned down mouth corners said no unfortunately,negative,other
mujhe,positive,other
holy shit cute,spam,other
it looks so nice on you,spam,other
i love the new brad ğŸ˜… but i miss the old manni quinnn,spam,other
well you look beautiful and your cheeks are cute and trust me its the beauty standard in so many countries to have cute chubby cheeks i have chubby cheeks as well alaynad7r5f,spam,other
im an older babe than you dominique and even though known as pretty all my life i have thanked god for makeup many times and even more so as i age thanks for your valueable tips,spam,cosmetic
shes always pretty â¤,spam,other
m1ku182 i kinda agree also since i grew up in the hood i kinda dont pay attention to personality in girls i should though but i cant what should i do ğŸ¤”,positive,other
wow i can only wish non of my local hairdressers would ever do anything like this im sooooo envious ğŸ’œ,spam,hair
is this dude gay or something,negative,other
some times water works and sometimes it doesntğŸ˜¢ best way to part a cowlick is with gel but i hate gel because while it does look slick it forms a crust,negative,other
i think what this song means is that you should have to wait for someone who doesnt like you back if your not you and that the time will come,positive,general_command
wow gorgeous makeup,spam,cosmetic
she does good make up,spam,other
me except im always sad,negative,other
im a sag and this is true bc this friend is trying to steal stuff from me so i ignore them then i do nothing about it,negative,other
night,positive,other
kÃ¶rea,positive,other
â¤,spam,other
she looks very elegant beautiful â¤,spam,other
â¤â¤â¤,spam,other
you are beautiful,spam,other
ğŸ˜¡ğŸ¤¬ğŸ©·ğŸ‘ŒğŸ˜¢â¤ Ã¶zÃ¼r dilerim,negative,other
you so preeeeeeeeetyyyyyy,spam,other
night is beautiful â¤,spam,other
as someone that meets conventionally attractive standards and does not look good in dramatic makeupit makes me look like a child playing with her mothers makeupthe concept of no makeup is always better often but not always comes from a place of pretty privilege i prefer light makeup not none when i have the time with an outfit i put a lot of thought into sure vanity isnt always the best but making myself feel presentable based on my standards really makes my seem better basically no makeup makes you feel your best awesome dramatic looks super cool light makeup also fine take care of your skin of course but using mineral wateroil cleanser followed with a watersoluble cleaner and daily spf will ensure to minimize any negative impacts also test products to see hope your skin reacts,spam,skincare
to young,positive,other
you are so beautiful,spam,other
ğŸ˜‚ğŸ˜‚,positive,other
i love indian makeup because i am indian,spam,cosmetic
she suits almost any color shes so gorgeous ğŸ˜­,spam,other
sabi nga nila selflove my okasyon man o wala wag mong pabayaan ang sarili mo lalo po kaung gumanda,positive,other
â˜€ğŸ’¥,positive,other
99714 86434 this is our salon no call us for more information,positive,other
fenty beauty always reaches out to creators and i love the inclusivity and shade range that they have comes to show how brands can reach a wider audience and include poc in their campaigns if they just put in a little effort,spam,other
ğŸ‘¸ğŸ‘¸ğŸ‘¸ğŸ§›â™€ğŸ§›â™€ğŸ‘¸ğŸ‘¸ğŸ‘¸ğŸ‘¸ğŸ‘¸ğŸ‘¸ğŸ§›â™€ğŸ§›â™€,positive,other
natural look nice,spam,other
she not cutting hair,positive,hair
shes a woman stop hating for no reason,negative,other
love it it frames her face and looks good on her,spam,other
ğŸ˜‚â¤beijinho no ombro prÃ¡ i nvejosas,spam,other
msu11 youre very rude and your opinion is very inaccurate,negative,other
why teach children that make up gives you confidence,positive,other
aap apna upar wala hot kyo bhool jati h sotela h kya ğŸ˜‚ amazing entertainingğŸ”¥,spam,other
this genderğŸ˜¦,negative,other
gareeb insan ğŸ¤£ğŸ¤£,positive,other
you are so cute,spam,other
Ø¬Ù…ÙŠÙ„ Ø¬Ø¯Ø§ ÙˆØ§Ù„Ù„Ù‡ â¤â¤â¤Ù…Ù„Ø§Ù…Ø­ Ø§Ù„ÙˆØ¬Ù‡ Ø¬Ù…ÙŠÙ„ Ø¬Ø¯Ø§ Ø¬Ø¯Ø§,positive,other
straight,positive,other
so elegant ğŸ¥°,positive,other
barbaracloudinabur,positive,other
is this hairstyle suitable for someone with fine hair,positive,hair
ariah binik keng burung,positive,other
pov you have natural black hair,positive,hair
i definitely have aurora hair but i want belle hair so bad ğŸ˜­ğŸ˜­,positive,hair
new piece of advice be yourself instead,positive,other
she didnt even have to go that deep into explaining herself the scrunch instantly revealed her curlsğŸ¤·ğŸ»â™€,positive,other
imagine the glitter getting into your eyes,positive,other
that looks so ugly omg you people can hate on me but it just looks like its gonna burn your eyelashes,negative,general_command
this black women sounds like a female woodyof course it comes out the scalp if its the real deal black women are so used to wearing wigs that coming out the scalp has become a saying self hate makes blacks look dumb,negative,general_command
her voice is so cute ğŸ¥°,positive,other
how can someone give birth to a monstosity like u ğŸ˜§ğŸ˜§ğŸ˜§,negative,general_command
big nose and recessed mandible gang,positive,other
from start to finish incredible ğŸ‘,positive,other
sob dress itna pyara hai ki mein kya hi batao ğŸ¥°ğŸ¥° mujha vi aise dress lane ka bohat sok hai but hamari india mein etni asani sa nhi meltağŸ˜’,positive,other
idk edible lipgloss like wtf is that,negative,general_command
can they comb like normally,positive,general_command
she is so pretty like if u agreeâ¤,spam,general_command
Ğ²Ğ°Ğ²Ñƒ,positive,other
reyeu6mp serah lu bwang,positive,other
koi jawab hi ni,positive,other
Ğ¼Ğ¾Ğ¶Ğ½Ğ¾ Ğ²Ğ¾Ğ¿Ñ€Ğ¾Ñ Ğ·Ğ°Ñ‡ĞµĞ¼Ñƒ Ğ½Ğ°Ğ½Ğ¾ÑĞ¸Ñ‚ÑŒ Ğ¼Ğ°ÑĞºÑƒ Ğ½Ğ° ĞºĞ¾ÑĞ¼ĞµÑ‚Ğ¸ĞºÑƒ ğŸ˜‚,positive,other
lipgloss,positive,other
beautiful girl the short hair suits her,spam,hair
belle,positive,other
rat nhanh vÃ  dep beautiful,positive,other
lol she went to have makeup with already done makeup,positive,cosmetic
apnar address ta diben,positive,other
Ø¹Ù† Ø¹Ù† Ø§ÙŠÙ…Ù†sjfjnz,positive,other
the problem is after washing to keep it styled like this,negative,general_command
such a beautiful sharing great work doneğŸ‚fwt,spam,other
wow wow wow wow wow excellent such a pretty women she has an aristocratic charisma beautiful ğŸ˜ and i like her reaction very much,positive,general_command
women are not objects tiktok ğŸ‘€,positive,other
i am a big fan of you i have a video of you â¤â¤â¤â¤â¤â¤â¤,spam,other
hudas make up is og arab style,positive,other
ooohhh make up ka itna weight ma tw kbhi na utha sku,positive,other
indian look is amazing ğŸ˜,positive,other
when i stand in front of the mirror i see a normal straight face in symmetry when i want to see my profile and use two mirrors i see two different profiles and it makes me sad pays me,negative,other
thanks for the love and support ğŸŒ¼ğŸ’–,positive,other
what if youre a combination of all those features i wonder what that would look like ğŸ˜,positive,general_command
shes beautiful,spam,other
same person i think notğŸ’€,negative,other
these dumb ppl think its bc of her being fathell nothat is just leftover skinsometimes leftover skin will look like fat,negative,skincare
my hair is straight with slight waves but acts curly,positive,hair
1960â¤,spam,other
the eyeshadow palette is from erinde on amazon in shade 04 cement and the contour palette is from kaleidos 3,positive,cosmetic
you are orlaidy beautifull you dont need any makeup cutooooğŸ˜ğŸ˜ğŸ˜˜,positive,cosmetic
night look,positive,other
you remind me of katie from american housewife also i love the hair,spam,hair
isnt the lip balm company,positive,other
useless qnd and mad people every where,negative,other
beautiful ğŸ”¥ğŸ˜,spam,other
its ok not im not impressed with the product ğŸ˜,negative,other
anggry girl makeup,negative,cosmetic
diiii this suits u alotttttâ¤,spam,other
cute,spam,other
girl is so gorgeousâ¤â¤â¤â¤â¤ğŸ”¥,spam,other
contacts,positive,other
â¤â¤â¤â¤â¤ğŸ˜ŠğŸ˜ŠğŸ˜ŠğŸ˜ŠğŸ˜ŠğŸ˜ŠğŸ¥°ğŸ¥°ğŸ¥°ğŸ¥°ğŸ¥°ğŸ˜šğŸ˜šğŸ˜šğŸ˜šğŸ˜šğŸ˜˜ğŸ˜˜ğŸ˜˜ğŸ¤©ğŸ¤©ğŸ˜ğŸ˜ğŸ˜,positive,other
splendidâ¤,spam,other
wow anna superğŸ’›ğŸ˜‡nanum pannuvey clg pogum bothuğŸ˜‡innu alagağŸ˜»âœ¨,spam,other
kishu thukral thank you,spam,other
dont become kiara you are a pagal bewakoof girl,positive,other
â¤â¤dayğŸ˜ŠğŸ˜Š,positive,other
im a bit sad that crayolas makeup wasnt a hiti really like the unique and cute packaging,positive,cosmetic
you look great make sure not to let anyone out you down,spam,other
where is the guy that measures people at for proof ğŸ¥¸ğŸ¥¸,positive,other
untouchable,positive,other
ç¾ã—ã„,positive,other
2020 is my favorite,spam,other
grimesâ™¥â™¥â™¥â™¥â™¥,spam,other
she is so cute â¤â¤â¤â¤â¤,spam,other
i saw dustin,positive,other
â¤â¤â¤â¤â¤â¤â¤ğŸ’—ğŸ’—ğŸ’—ğŸ’—ğŸ’œğŸ’œğŸ’œğŸ’“ğŸ’“ğŸ’“ğŸ’™ğŸ’™ğŸ’šğŸ’šğŸ’šğŸ’›ğŸ’›ğŸ’›ğŸ˜ğŸ§¡ğŸ§¡,spam,other
you are a diva your techniques and strategy really show us that you are so talented,spam,other
im actually jealous of her face without any makeupğŸ˜­,negative,cosmetic
plz contact number,positive,other
jlkasjdfkljsad lol,positive,other
hairstyle bahut gandi hai,positive,hair
onek onek valobasa nio derağŸ¤—â¤,spam,other
jgkckfofjxjxkfldkzn bjcmckcb kxgkgkvjcn,positive,other
so beautiful makeupâ¤â¤ğŸ˜ŠğŸ˜Š,positive,cosmetic
i cant sleep on my back im scared of getting sleep paralysis ğŸ˜­ğŸ˜“,negative,other
girl are you okay ur eyes look like you were crying before,positive,general_command
obsessed with this transition ğŸ˜,positive,other
omg same ğŸ˜«,negative,other
both are awesome,spam,other
india makeup is best,spam,cosmetic
u got any for curly hair,positive,hair
dem feminine but to be fair im a trad goth so kinda expected lol i 3 both sides though,positive,other
one of my very first gourmands ğŸ˜,spam,other
utna kuch khaas nhi thağŸ˜…ğŸ˜•ğŸ˜•ğŸ˜¶ğŸ˜© but good keep it upâ˜ºğŸ‘,positive,other
girl ur soo pretty,spam,other
wow you did a good job blending,spam,other
fun fact she twined with aliawhite tank top,spam,other
thank you for doing pakistani makeup,spam,cosmetic
cute,spam,other
lots of loveâ¤â¤,spam,other
ğŸ˜®,negative,other
my first thought when she put the foundation not the whitewashed face ğŸ˜­,positive,cosmetic
i like makeup because its damn fun its the same way cheese and all the sweet arent good for your body but who the fuck cares youd still have them,negative,cosmetic
face,positive,other
tips,positive,other
Ø§Ø³Ù… Ø§Ù„ØºÙ†ÙŠØ© ğŸ™‚ğŸ©µ,positive,other
girlââ˜  hair âœ…,positive,hair
can someone please tell me how i can get thicker hair with volume i have no volume and thin hair,positive,hair
i liked the mother of the black short hair,spam,hair
what foundation is that name please,positive,cosmetic
bro got 20 years younger,positive,other
i prefer the no make up part want to see dark circles and pimples on women,positive,other
leafs who leaves,positive,other
ohh ğŸ˜… tabhi girls ko ready hone me time lgta h,positive,other
beautiful sis ğŸ˜,positive,other
todo mundo Ã© um tom de laranja,positive,other
i hate when people gatekeep curls there is a reason that lots of people have no idea they have curls and end up trashing their hair as a result i have met so many people who didnt know they had curls until they were in their 20s,negative,hair
1st one me in summer 2nd one me in winters,positive,other
de sÃ³lo mirar me cansÃ© ğŸ˜Š la mujer con maquillaje sutil es mÃ¡s natural toda mujer es hermosa pero entiendo creo que es por cultura para ellos â¤,positive,other
ğŸ¥”ğŸ¥”ğŸ¥”ğŸ¥”ğŸ¥”,positive,other
insta id sanasheikh2018,positive,other
my lips already have that dark outline lmao ğŸ¤£ğŸ«¢ but i also have the bad habit of biting them,negative,other
trance,positive,other
wow â¤â¤,spam,other
aminaaqqoqoso,positive,other
so good you literally have such a good talent ive been watching you for years but i just got a new account so yea but next please do ğŸ˜ˆ ğŸ¥Š ğŸŒº ğŸ¤‘,spam,other
bald,positive,other
ğŸ˜¢ğŸ˜¢ğŸ˜¢ğŸ˜¢ğŸ˜¢ğŸ˜¢ğŸ˜¢ğŸ˜¢ğŸ’›ğŸ’›ğŸ˜­ğŸ˜­ğŸ˜­ğŸ˜­ğŸ’›ğŸ’›ğŸ’›ğŸ’›ğŸ’›,negative,other
she looks kinda like jisoo of blackpink,positive,general_command
thanksğŸ˜Š,positive,other
the hell are you on,negative,other
what in the lumberjack is styling her hairğŸ˜…,positive,hair
ğŸ‰ğŸ‰,spam,other
yes my wedding is coming september 20 i do my own make up i hope na makaya ko thank you for sharing this make up video toturial,spam,other
i love all of them â¤,spam,other
neec i have to tell you how much i love you and your videos i truly appreciate and adore how much you help us and your personality is such a blessing sending you new years prayers and blessings ğŸ’•ğŸ’• i just ordered sunscreen from a company called black girl sunscreen i ordered the one for kids because the spf is higher,spam,skincare
my mom did it for me,spam,other
Ú†Ù‚Ø¯Ø± Ø²ÛŒØ¨Ø§ÛŒÛŒ Ø´Ù…Ø§ Ù‡Ù… Ù‚Ø¨Ù„ Ø§Ø² Ø¢Ø±Ø§ÛŒØ´ ÙˆÙ‡Ù… Ø¨Ø¹Ø¯Ø´â¤â¤â¤,positive,other
ì´ê±´ì‚¬ê¸°ë‹¤,positive,other
wow 6 is incredible now she looks half her age,spam,other
alr bet,positive,other
mashallah ğŸ˜â¤âœ¨,positive,other
indiais the best and we like india,spam,general_command
thanks â¤â¤,spam,other
dont need the makeup a beautiful creation,spam,cosmetic
ğŸ˜ğŸ˜ğŸ˜,positive,other
space0fox its possible to not have acne and scars,positive,other
india ğŸ‘‡ğŸ‘‡ğŸ‘‡,positive,other
oh soooooo beautifulâ¤â¤â¤â¤,spam,other
does chlorine affect skin,positive,skincare
wow you look so niceâ¤â¤â¤â¤â¤ğŸ˜ŠğŸ˜Š,positive,other
you are beautiful in every style never change yourself to suit someone elses opinion because you are so beautiful and enough,spam,other
same,positive,other
beautiful â¤which state are you and do you travel for clients your make up is top notch,spam,other
thanks dear ğŸ˜Š stay connected â¤,positive,other
milk jelly blush its not that hard,spam,cosmetic
you look so good with every look ğŸ‘€,spam,other
a xd,positive,other
they have all happened to me,positive,other
ho 40 sudha hey makeup karu shaktat ğŸ˜ŠğŸ‘,positive,cosmetic
do this ğŸ˜¶ğŸ¤–ğŸ‘½ğŸ’€ğŸ’«ğŸ’«ğŸ’¬ğŸ’”,negative,other
korean and ukraine are the only ones who did the trend right,spam,other
screaming man you forgot to masterbatw,negative,skincare
her energy seems so fun,spam,other
judigemini178 baby they gone eat this up on tiktok ğŸ˜‚ğŸ˜‚ğŸ˜‚ that beehive ğŸ is now just flies ğŸ¦Ÿ when riri around ğŸ˜‚ğŸ˜‚,positive,other
you are crazy pakistan win,negative,other
you have curly hair i see videos of anything,positive,hair
yesss its a huge giveaway make sure you tell your friends about it and they subscribeâ™¥â™¥â™¥â™¥ hahaha yess i realised that later ğŸ˜‚ğŸ˜‚,spam,general_command
ğŸ¤¢ğŸ¤®ğŸ¤«ğŸ§ğŸ—¿,negative,other
di plzz make self wedding hairstyle and makeup plzzzzzzzzzzzzzzzzzzzz,positive,cosmetic
you are so cute without makeup also,spam,cosmetic
â¤â¤â¤ğŸ˜‚â¤,spam,other
bless you for teaching these honest truths to men,spam,other
youre pretty but youre a man and men dont do makeup or use wigs or dress like women what you so is disgusting you think im pretty yeah yeah she isğŸ’‹,positive,cosmetic
yo dont need wigs man you are gorgeousğŸ˜˜,spam,other
why would you cover your natural look its soooo much prettier,spam,other
i am south asian and wish i had mono lids,positive,other
happy new year domfam i hope to win the surprise box kisses from carla my instagram is sonhosdeumarosadreamsofarose,spam,other
me jamming the the song and kinda crying but her makeup is so good it better than mine,spam,cosmetic
india,positive,other
your probly white as,positive,other
aakaimakeupartistry welcome ğŸ˜Š,positive,cosmetic
b for benjamin ğŸ«§ğŸ«§,positive,other
does any1 have tips for acne on ur arms i hate mine,negative,other
the clotheswhat did i do to deserve thisğŸ˜­,negative,other
how do you keep the front of your hair up lots of hairspray,positive,hair
name song,positive,other
two,positive,other
cute as a button isnt she,spam,other
actually ur hairs are much bigger and hence heavy the reason the braid didnt workkğŸ˜Š,positive,hair
ğŸ‘»ğŸ‘»ğŸ‘»ğŸ‘»ğŸ‘»ğŸ‘»â˜ â˜ â˜ ,positive,other
are you a boy or a girl,positive,other
1950s yas â¤â¤â¤,spam,other
love the korean,spam,other
à´šà´¨à´¤,positive,other
you transitioned so perfectly,spam,other
my jaw dropped when i saw tini she was my childhood,spam,other
youre gonna get unfollowed too lol ğŸ˜‚,positive,general_command
tes trop belle et le maquillage est baiser du chef ğŸ¤ŒğŸ¤ŒğŸ¤Œ,spam,other
are didi ji itni overacting kyo,negative,other
wa alaikum aslaam jazak allah kher aameen sum aameen,positive,other
why she put poop on her face,negative,other
you kinda look like keeho from p1harmony,positive,general_command
everyone doesnt look good with a pixie cut or page boybob cutğŸ™„,negative,other
did you hid the microphone under you blanket while producing these recordings for the videos either youre too silent or your microphone is broken or you have difficuilties to speak clearly just use a i nobody will judge you for it the opposite i would enjoy your videos more ğŸ’ªğŸ¼,positive,other
pakistani,positive,other
woow maam awesome â¤,spam,other
nice â¤â¤â¤â¤â¤â¤ğŸ˜ŠğŸ˜Šâ¤,positive,other
please dont waste those,negative,other
hi,positive,other
amazing the nose ring looks bomb on you isheetaaa â¤â¤,spam,other
ğŸ’œğŸ’œğŸ’œğŸ’œğŸ’œğŸ’œğŸ’œğŸ’œğŸ’œğŸ’œâ˜º,spam,other
â¤â¤â¤â¤â¤â¤,spam,other
link,positive,other
i am ghazal i love makeup and the ğŸ˜ŠğŸ˜Šâ¤,positive,cosmetic
you can also follow instagram of this brand and you can order fragrances there,positive,general_command
its not just the haircut and hairstyle its a great makeup,spam,cosmetic
there 2 young well the girl is im 9,positive,other
jeffree star was wrong about kylies lipstick because i have it and it works he must have got like a bad batch,negative,cosmetic
ĞºĞ°Ğº Ğ½Ğ°ĞºÑ€Ğ°ÑĞ¸Ñ‚ÑŒ Ñ‚Ğ°Ğº Ğ³Ğ»Ğ°Ğ·Ğ°,positive,other
youre a great business owner salute to you queen,spam,other
yeah you dont need any make up plus thats how you can ruin your skin its not good for you â¤â¤,negative,skincare
india â¤,spam,other
i got liza koshy vibes from this video,spam,other
ğŸ‘ŒğŸ‘,positive,other
aaj tak ki sabse beautiful bride â¤,spam,other
anyone calling you ugly has an ugly soul ppl walking round bringing others down to build themselves up no time for that your beautiful â¤,negative,other
i want to count his teeth sorry but you cannot convince me this man is human,negative,other
are u trans gender,positive,other
she is so pretty,spam,other
ğŸ‘½,positive,other
you are beautiful with and with out makeup,spam,cosmetic
your so gorgeous â¤ğŸ˜Š,positive,other
ğŸ™‚ğŸ”«,positive,other
ğŸ‰ğŸ‰ğŸ˜‚ğŸ˜‚ğŸ‰ğŸ‰ğŸ‰ğŸ˜‚ğŸ‰ğŸ˜‚ğŸ‰ğŸ˜‚ğŸ‰ğŸ«°ğŸ¼ğŸ¤¦â™€ğŸ˜œğŸ¤ªğŸ˜œğŸ˜œğŸ˜ğŸ˜œğŸ¤ªğŸ˜œğŸ˜œğŸ¥³ğŸ¥³ğŸ¥³ğŸ¥³ğŸ¥³ğŸ¥³,spam,other
fry ends,positive,other
why is no one talking about the animal crossing theme music in the background ğŸ˜‚,positive,other
your guys hair is so kewl d,spam,hair
subtract 00625 for the socks ğŸ˜­,positive,other
itna acha hair tha ye sb krke damage hoga sb ab,positive,hair
awww its the opposite for me lollll people always not always but yk want the opposite thing lollll,negative,other
thank you i look forward to working with you from now on ğŸ˜†ğŸ˜†,spam,other
people in the comments rihanna doesnt age the girl is only 32 yall act like people in their 30s are supposed to look like old raisins,negative,general_command
all faces are beautiful,spam,other
100 years pulled of every single one keep up the good work ğŸ˜Š,positive,other
you know she is talking about smell right,positive,other
â¤,spam,other
slayyyyyyyyyy â¤,spam,other
r j ğŸ˜‚ğŸ˜‚ğŸ˜‚ğŸ˜‚ğŸ˜‚,positive,other
ğŸ‰ğŸ˜‚â¤ğŸ˜®,spam,other
i will say china,positive,other
those are two different people,positive,other
hloo nisha mam me jammu se hu or muje permanent hair excitation karwane hai aap plz guide karo gay muje aap se hi karwane hai,positive,hair
wowsukannya amr pochonder rong black ar blue,positive,other
the brown is f blood,positive,other
my kindergarten teacher be like,positive,general_command
she is just like robot,negative,general_command
you look beautiful im starting my skin xare routine as a man idk what to use,spam,skincare
0034 captain du bois from madagascar 3 is the french girl makeup archetype,positive,cosmetic
which sunscreen you are currently using,positive,other
hell nahhhhhhhğŸ˜‚,positive,other
ur so good youll need to stop hating haters ur just made u cant so that,spam,other
def curls,positive,other
seriously are you kidding me ğŸ™ğŸ”¥ğŸ”¥ğŸ”¥,spam,other
hindu girl,positive,other
ğŸ’œğŸ’œğŸ’œğŸ’œğŸ’œğŸ’œğŸ’œğŸ’œğŸ’œğŸ’œ,spam,other
i like both i am an army of bye and india,spam,general_command
i like her smile ğŸ˜Šâ¤,positive,general_command
unsportlich,positive,other
when someone pulls ur hair on a fight ğŸ˜®,negative,hair
looks great also the longer you do it the better it looks,spam,other
ğŸ‘Œ,spam,other
cringe,negative,other
asiaâ¤â¤â¤,spam,other
all of them,positive,other
indiyan fece is good ğŸ‘,positive,other
nendanyaziel iyaa apa ajasay yg penting skinker double cleansing bs jenis cairbalm dsb pke sblm cuci muka dgn sabunfacial wash stlh itu baru facial wash dstsesuai kebutuhan,positive,skincare
osam,positive,other
ğŸ˜˜ğŸ˜˜ğŸ˜˜ğŸ˜˜ğŸ˜˜,spam,other
does honey work,positive,other
i dont like makeup ğŸ˜’ğŸ˜’,negative,cosmetic
beauty standards ğŸ¤·,positive,other
fais ta juste avancer la vidÃ©o du coup en fait pas je sais pas comment expliquer mais tu es un peu avancÃ© quand tu as mis les lunettes devant du coup cest comme Ã§a que Ã§a a un peu rÃ©ussi bah voilÃ  si tu veux plus de conseilsğŸ˜…ğŸ˜…,positive,general_command
fir tmne mekup q kiya h,positive,other
danny is very pretty,spam,other
âœ…ğŸğŸ•·ğŸ² do please,positive,other
wowğŸ˜,positive,other
no,positive,other
this is the most comprehensive make up explanation i have ever encountered thank you so much for putting this out and explaining it in such a detail i have hoped to find this for soo long thank you againğŸ™,spam,other
i,positive,other
night lookğŸ˜,spam,other
mentira nomÃ¡s te pintaste la cara y agarrastr una mÃ¡scara realista,positive,other
i still dont believe it,negative,other
omgğŸ˜®,negative,other
luv ur vids â¤â¤insert 2 boba emojis bc i couldnt find them ğŸ‘ğŸ‘„ğŸ‘,spam,other
ğŸ’œğŸ’œğŸ’œğŸ’œğŸ’œğŸ’œğŸ’œğŸ’œğŸ’œğŸ’œğŸ’œğŸ’œğŸ’œğŸ’œğŸ’œğŸ’œ,spam,other
thanks,positive,other
thats why ur father left you for the adoption center,negative,other
uglyğŸ˜Š,positive,other
u look like katie whinney or smt,positive,general_command
good luck ğŸ€â˜˜,spam,other
Ğ²Ğ¾Ğ»Ğ¾ÑÑ‹ Ñ€ĞµÑˆĞ°ÑÑ‚ Ğ²ÑĞµ,positive,other
â¤ğŸ‘ğŸ‘ğŸ‘ğŸ”¥â¤,positive,other
esse capa tambÃ©m bom colar muito bom quero tirar tira na hora quero colocar qualquer hora posso colocar muito bom,positive,other
i would def give it 810 ğŸ¥¦ really loved the combo and it looked amazing style with makeup,spam,cosmetic
im starting today with the face excersice,positive,other
as a cosplayer i relate 100,positive,other
10oct,positive,other
thank you so much this is very helpful,spam,other
she is shes done videos abt doing her sisters hair,positive,hair
dear joan yes i agree that it shouldnt be perfect every hair in place our wigs are easy and this info may help you dani and i create our videos to build confidence in clients who are interested in wigs hairpieces for thousands of reasons such as convenience career travel romance damaged hair or hair loss as a result of stress or medical challenges we dont sell thousands of wigs pieces just ones that look real our products are all highquality synthetic fibers for easy wash wear after washing they dry to the style purchased no heat needed we carry everything youll want or need for your wigs we ship all over the world our website is please check it out we started gsw in 1997 with our retail store still in woodland hills ca heres a link to see our 500 wig videos on our youtube channel clients love to binge watch our wig topics take notes on the colors styles theyd love to own you can order from our website or call us toll free speak to a live wig expert at 877 567 9447 mon fri 830 to 430 pst with any questions our clients own 2 to 20 wigs and love the convenience please subscribe all to our videos on our youtube channel share us with others so we can be hair for them too xo rochelle,spam,hair
soooo beautiful without makeupfresh and natural,spam,cosmetic
thats a lot of contouring going on and the highlight on the tip of the nose is really a trend that has disappeared a long time ago for good reasons,positive,other
that level of simp is crazy,positive,other
so many answers in one video i absolutely love it thank you,spam,other
i think all looks gorgeousğŸ©· i know that youre beautiful in allğŸ¤©,spam,other
do every single vedio into a vlog ğŸ˜¢ğŸ˜¢ğŸ˜¢ğŸ˜¢ğŸ˜¢ğŸ˜¢ğŸ˜¢ğŸ˜¢ğŸ˜¢ğŸ˜¢ğŸ˜¢ğŸ˜¢ğŸ˜¢ğŸ˜¢ğŸ˜¢ğŸ˜¢ğŸ˜¢ğŸ˜¢ğŸ˜¢ğŸ˜¢ğŸ˜¢ğŸ˜¢ğŸ˜¢ğŸ˜¢ğŸ˜¢ğŸ˜¢ğŸ˜¢ğŸ˜¢ğŸ˜¢ğŸ˜¢ğŸ˜¢ğŸ˜¢ğŸ˜¢ğŸ˜¢ğŸ˜¢ğŸ˜¢ğŸ˜¢ğŸ˜¢ğŸ˜¢ğŸ˜¢ğŸ˜¢ğŸ˜¢ğŸ˜¢ğŸ˜¢ğŸ˜¢ğŸ˜¢,negative,other
stunning,spam,other
chall nekal boat,positive,other
tomar mukher noksha ta khubb sundor diğŸ˜,positive,other
just woooww dii,positive,other
that is so true â¤â¤,spam,other
pretty look pretty person with a pretty heartâ£,spam,other
i used the mac 266 brush ğŸ¤—,spam,other
ton ğŸ‘ğŸ‘ğŸ‘,positive,other
holy crap that is gorgeousss,spam,other
look at her face to her thats not running thats walking,positive,other
gatekeeping yuck,negative,other
2023,positive,other
sab kuch ho jyga bhai pr mutti kese chode ğŸ¤­ğŸ˜‚ğŸ˜‚,positive,other
qayamat,positive,other
i dont think she should wear that much makeup her skin is beautiful im not a pick me that says eww ur wearing too much makeup ğŸ˜‚,positive,skincare
wow jou are a beauty but dont wear make up its not jou,spam,other
â™¥ğŸ«¶ğŸ»âœ¨ğŸ§¿,spam,other
you are very cute ğŸ˜—ğŸ˜—ğŸ˜—,spam,other
ğŸ˜®,negative,other
love the lipstick,spam,cosmetic
if hair wasnt natural it wouldnt grow there like the hair on our heads just because its long does it mean were unhygienic no so why is body hair any different,negative,hair
good,spam,other
â¤â¤,spam,other
onggg,positive,other
so pretty girl wowwowwoâ¤â¤â¤,spam,other
pero eso fue una parte de el video mana,positive,other
didi akta holud sharee pore lal lips ğŸ’‹ tik diye mekap koro plz plz plz,spam,general_command
â¤â¤â¤â¤â¤â¤â¤â¤â¤â¤â¤â¤â¤â¤,spam,other
her character in pitch perfect really made me hold a grudge against her for so long lol but shes really so radiant inside and out her hair and skin is a dream omg,spam,skincare
what do you use to keep it healthy,positive,other
whats wrong with that,negative,other
listen to this never and when i say never starve your self,positive,other
dont flex,positive,other
blue,positive,other
its freaking wavy hair like editgirl i see no curls,negative,hair
i love your name its so cute no one have to do that,spam,other
â¤â¤â¤à¸‚à¸­à¸šà¸„à¸“à¹€à¸¢à¸¢à¸¡à¸¡à¸²à¸â¤â¤â¤â¤,spam,other
did she put barbecue sauce on her face,positive,other
y its my class mate,positive,other
â¤â¤â¤â¤ full video please â¤â¤â¤,spam,other
i thought he was gonna be a man,positive,other
i dont have to grow up,positive,other
aap kitna ganda makeup karte ho aapane to jacqueline ko bhoot,positive,cosmetic
pls azeribazijan,positive,other
daily use krna h,positive,other
i love make up as an artist i find this fasinating make up is simply another art form what was the clear plastic thingys you put on your cheeks all my loveğŸ˜ŠğŸ’–,positive,other
â¤wow wow hot ğŸ”¥ ğŸ¥µ,spam,other
ğŸ˜‚ğŸ˜‚,positive,other
wow wonderful,spam,other
please make more videos,spam,other
ğŸ‘ğŸ™,positive,other
jasmineâ¤â¤,spam,other
ur welcome,spam,other
kya rishta hai,positive,other
that shrinkage is crazy so gorgeous sophia,spam,other
ğŸ‘ğŸ¼ğŸ‘ğŸ¼ğŸ‘ğŸ¼ğŸ‘ğŸ¼ğŸ‘ğŸ¼,positive,other
sidha sidha bol na facewash ka advertisement karna h ğŸ˜‚ğŸ˜‚,positive,other
apky ball achy hen mery bhi ase hi thy but ab bohat totty hen,positive,other
â¤â¤â¤â¤â¤â¤,spam,other
nice,spam,other
ğŸ˜¢ğŸ˜®,negative,other
yeah har ladki ka bf ka name rahul kiyun hota he ğŸ˜who are related like the coment pov just for fun ğŸ˜…ğŸ˜‚ radhe radhe ğŸ™ â¤,spam,general_command
boys were make up as well and im your hugest fan ğŸ‰ğŸ‰ğŸ‰ğŸ‰ğŸ‰,spam,other
thank you Ã°Ã¿Å¡Ã°Ã¿Å¡,spam,other
ğŸ˜‚ğŸ˜¡ğŸ˜‚ğŸ¤£ğŸ˜‚ğŸ¤£ğŸ˜‚ğŸ¤£ğŸ˜‚ğŸ¤£ğŸ˜‚ğŸ¤£ğŸ¤£,negative,other
pretty,spam,other
you look pretty,spam,other
why does it have a white layer it looks dusty,negative,other
tyghhğŸ˜‚ğŸ˜‚ğŸ˜‚ğŸ˜‚ğŸ˜‚ğŸ˜‚ğŸ˜‚ğŸ˜‚ğŸ˜‚ğŸ˜‚ğŸ˜¢ğŸ˜¢ğŸ˜¢ğŸ˜¢ğŸ˜¢,negative,other
omg,positive,other
aap video bnao aur apne channel pe post karke dunia ko sikhao ji thanks,positive,other
prize,positive,other
i am dude,positive,other
ğŸ’ğŸ’ğŸ’ğŸ’ğŸ’ğŸ’ğŸ’ğŸ’ğŸ’ğŸ’ğŸ’ğŸ’ğŸ’ğŸ’ğŸ’ğŸ’ğŸ’ğŸ’ğŸ’ğŸ’ğŸ’ğŸ’ğŸ’ğŸ’ğŸ’ğŸ’ğŸ’ğŸ’ğŸ’ğŸ’ğŸ’ğŸ’ğŸ’ğŸ’ğŸ’ğŸ’ğŸ’ğŸ’ğŸ’ğŸ’ğŸ’ğŸ’ğŸ’ğŸ’ğŸ’ğŸ’ğŸ’ğŸ’ğŸ’ŸğŸ’ğŸ’ğŸ’ğŸ’ğŸ’ğŸ’ğŸ’ğŸ’ğŸ’ğŸ’ğŸ’ğŸ’,positive,other
mahira is very humble she is very beautiful without makeup,spam,cosmetic
hes veer,positive,other
all of them look beautiful on you â¤,spam,other
how is saying your hair is curly rude,negative,hair
hinduâ¤,spam,other
ok its not others problems is ur face is expensive what u gon charge ur bf for that face ur mom too lmao,negative,other
oh my god,negative,other
Ñ Ğ°Ğ²Ñ€Ğ¾Ñ€Ğ° Ğ¸ Ñ€Ğ°Ğ¿ÑƒĞ½Ñ†ĞµĞ»ÑŒ Ğ¾Ğ´Ğ½Ğ¾Ğ²Ñ€ĞµĞ¼ĞµĞ½Ğ½Ğ¾ Ğ½Ğ¾ Ğ¿Ñ€Ğ¸ ÑÑ‚Ğ¾Ğ¼ Ñ€Ñ‹Ğ¶Ğ¸Ğ½Ğ° ĞµÑ‰Ñ‘ ĞµÑÑ‚ÑŒ,positive,other
jay,positive,other
kya yrr aj kl ho kya gyaa h kaisi artificial lyf ji rhe h log,positive,other
first bhoot second beautiful,spam,other
ğŸ’œğŸ’œğŸ’œğŸ’œğŸ’œğŸ’œğŸ’œ,spam,other
super â¤,spam,other
happppy birthday â™¥â™¥â™¥â™¥â™¥,spam,other
wowğŸ˜®ğŸ˜®ğŸ˜…ğŸ˜…ğŸ˜…ğŸ˜…,negative,other
skii broke me out in the worst rash of my adult life lasted for months im wondering if its the formula or just essences in general im afraid of them now ğŸ˜­,negative,other
im a boy and thats a black buttons,positive,other
what lipstick u used mam,positive,cosmetic
ne liÄiÅ¡ na ljğŸ‘½,positive,other
ğŸ’¯ğŸ’¯ğŸ‘ŒğŸ»ğŸ‘ŒğŸ»,spam,other
phle hi thik thi,positive,other
wow so beautiful and elegant,spam,other
let me manfix it for you actual no makeup what guys means when saying no makeup and then there is make up girls think we think is no makeup we have eyes we see the 5cm layer of foundation on your face ğŸ˜†,positive,cosmetic
makeupâ¤,spam,cosmetic
she literally looks so pretty before and after the makeup was amazing and even before she looks like a literal snow goddess so pretty ğŸ¤©,spam,cosmetic
my bf said jello candy,positive,other
beautiful hair anushka,spam,hair
this was such a slay omg,spam,other
this world is cruel sure sure a girl is obese and everyone supports her a boy is obese and nobody cares hate me all you want im aware people are telling her shes fat too,negative,other
love from pakistan,spam,other
thanks,positive,other
user101h8t ye ik i just still dont like it even when it comes off more,negative,general_command
i love how u r ne your self i dont care if your bald your the best never be sad of what other people say,spam,other
aww i love that i bet your gorgeous ğŸ˜,positive,other
â¤,spam,other
the jaw lineğŸ¥°ğŸ¥°ğŸ¥°ğŸ¥°ğŸ˜ğŸ˜ğŸ˜ğŸ˜,positive,other
your chopped,positive,other
my brother said strawberry jelly,positive,other
behn ye nhi batai khana khate waqt kya taste aa raha tha ur paani peene waqt bhi ğŸ˜‚ğŸ˜‚ğŸ˜‚ğŸ˜‚,positive,other
sego,positive,other
it looks amazing mashallah â¤â¤â¤â¤â¤it totally changed ur lookğŸ‘ğŸ‘ğŸ‘,positive,other
lol,positive,other
makeup to itna chardha li hai per nikalegi kaise ğŸ˜± she is more beautiful naturally dont b fake dear may god bless u,spam,cosmetic
ĞºÑ€ÑƒÑ‚Ğ¾ Ñ€ĞµÑĞ¿ĞµĞºÑ‚ ğŸ‘,positive,other
thank you,spam,other
ye sab na ğŸ˜®na faltu hack kiya karo na logo ko suggest kiya karo sis aise v beauty product ki bharmaar pari haimarket merisky thing mat karolog divert hogeğŸ˜¢ğŸ˜¢ğŸ˜¢ğŸ˜®,negative,other
who the hell is this woman in the audio girl no one cares let ppl do what they want with their damn face ğŸ˜­ğŸ˜­ğŸ˜­,negative,other
2010 suits well,spam,other
you are absolutely stunningâ¤â¤â¤,spam,other
206207 à¤­à¤ˆ à¤®à¤¨ à¤†à¤ªà¤• à¤šà¤¨à¤² à¤• à¤¸à¤¬à¤¸à¤•à¤°à¤‡à¤¬ à¤•à¤° à¤¦à¤¯ à¤ªà¤²à¤œ à¤­à¤ˆ à¤†à¤ª à¤®à¤° à¤­ à¤šà¤¨à¤² à¤• à¤¸à¤¬à¤¸à¤•à¤°à¤‡à¤¬ à¤•à¤° à¤¦à¤¨ à¤ªà¤²à¤œ à¤­à¤ˆ à¤†à¤ª à¤…à¤ªà¤¨ à¤šà¤¨à¤² à¤ªà¤° à¤šà¤• à¤•à¤° à¤¸à¤•à¤¤ à¤ªà¤²à¤œ à¤­à¤ˆ à¤†à¤ª à¤¹à¤®à¤° à¤­ à¤šà¤¨à¤² à¤¸à¤¬à¤¸à¤•à¤°à¤‡à¤¬ à¤•à¤° à¤¦à¤¨ à¤ªà¤²à¤œ à¤­à¤ˆ,positive,other
africa â¤â¤â¤â¤â¤â¤â¤â¤â¤â¤â¤â¤â¤â¤â¤â¤â¤ğŸ˜ŠğŸ˜ŠğŸ˜ŠğŸ˜ŠğŸ˜ŠğŸ˜ŠğŸ˜ŠğŸ˜ŠğŸ˜Š,positive,other
atleast nobody be telling you that ur balding and if someone says its youÃ¢â„¢re i will break something,negative,other
this tan on your beautiful skin ğŸ˜,positive,skincare
interested,positive,other
ÙˆØ§Ùˆ Ø­Ù„Ùˆ ÙƒØªÙŠØ±,positive,other
creeped out,positive,other
50 bald and 50 ginger bc it look like your natural hair,positive,hair
1960 and 2010,positive,other
majority of the women experience this they get shamed for wearing make up then some man will show a naturally pretty woman who is literally wearing all types of make up,positive,other
ğŸ˜ŠğŸ˜ŠğŸ˜ŠğŸ˜ŠğŸ˜Š nice ğŸ‘ğŸ‘ğŸ‘ğŸ‘ğŸ‘ğŸ‘â¤â¤â¤â¤,positive,other
â¤â¤â¤â¤â¤â¤â¤,spam,other
2016 and 2025,positive,other
lucky,negative,other
u r very beautifulğŸ’â¤,spam,other
disclaimer this video is sponsored by miss ross,positive,other
ğŸ˜‚,positive,other
obsessed,negative,other
mam ye extension kitne days ke liye hota h,positive,other
brown hits different âœ¨,spam,other
darkedit11 ğŸ˜‚,positive,other
song,positive,other
thanks very much,spam,other
comedyshortsincu sound like does 11 year old boys who try to be like does dumba alpha males,negative,general_command
aap bengali ho ho,positive,other
you guys are queens,spam,other
i love philippines,spam,other
its cute â˜º i love her looks and not to be offensive you look like a cute dalmatianâ¤,spam,general_command
your a beautiful woman with out wig or makeup,spam,cosmetic
are you feeling repelle me begging at his feet me teach me,positive,other
hopefully doja cat wont see this makeup ğŸ˜‚ğŸ˜‚ğŸ˜‚ğŸ˜‚ğŸ˜‚ğŸ˜‚,positive,cosmetic
â¤â¤â¤â¤â¤â¤â¤â¤â¤â¤â¤,spam,other
why do girls always feel the need to pout their lips when taking picturesğŸ˜‚ğŸ˜‚ğŸ˜‚,negative,other
l love this colour,spam,other
v,positive,other
get the man off of my feed,negative,other
how the fuck was it like 4 different colors across the video,negative,general_command
the girl in the interview is the definition of a pick meğŸ™„ğŸ™„,negative,other
that hair color is gorgeous on you and it doesnt hurt that you are stunning yourself love the content,spam,hair
thanks for the inspiration i now know what i want for carnivalğŸ˜,positive,other
shes right i used to be so obsessed with make up and now i dont even use it at all unless i need to,negative,other
ekdam jaise laiba khan,positive,other
â¤ğŸ˜ğŸ˜,positive,other
beautiful ğŸ‘ğŸ‘ğŸ‘ğŸ‘ğŸ‘,positive,other
not really,positive,other
ğŸ˜® sa teva trop bien,negative,other
u dont look greek ok lemme just turn into olive oil,negative,other
youre welcome bestie ğŸ’–,positive,other
â¤ğŸ‰ ğŸˆ ğŸ˜» ğŸˆâ¬›,spam,other
stop fishing for compliments my gosh,negative,other
you are gorgeous,spam,other
ğŸ«¸ğŸ”¥,positive,other
wow ğŸ”¥ğŸ”¥ğŸ”¥,spam,other
caper gk sihhğŸ˜ğŸ˜Œ,positive,other
does anyone else hear a very high pitched like static sound in the back of her videos,positive,general_command
yah l am seeing results l advice to do it for so months or a year dont press to hard do it softly,positive,other
wowbest skincare for mensğŸ‘ŒğŸ‘ŒğŸ‘ŒğŸ‘Œwaiting for ur next vdo apuâ¤,spam,skincare
pov she look like a beautiful filter,spam,general_command
men wearing makeup is justğŸ˜,positive,cosmetic
women get boob jobs and other cosmetic surgeries while limb lengthening is more of the extreme its the same principle women shouldnt judge given time improvement with technology will improve these type of surgeries,positive,other
im a boyâ™‚,positive,other
mn mn me hi khub rona aaya hoga,positive,other
i feel bad for you ğŸ˜¢,negative,other
after makeup she exactly looks like lovely youtuber nilanjana dhar,spam,cosmetic
didi tomaka vison valo lage ğŸ¥°ğŸ¥° love you di,positive,other
if u combine this with the porcelain doll makeup trend it would look so good,spam,cosmetic
looks good,spam,other
absolutely gorgeousğŸ˜®,spam,other
again this shit still goin on huh such lifeless people man leave them alone,negative,other
black tea â˜•,positive,other
lip balm,positive,other
ew,positive,other
its been 5 years lol,positive,other
her face whenever youre first start working on her and you pull her out of her grave shes like why did you pull me out i was sleepingğŸ’¤ğŸ’¤ğŸ˜´ğŸ˜´ğŸ›ŒğŸ›Œ,positive,general_command
pls do ğŸ§ŠğŸŒˆğŸ”®â™Œ,positive,other
â¤â¤â¤â¤yes,spam,other
hello thank you for your comment keep supporting us we have a wide range of skincare products which you can check out on our website thank you,spam,skincare
ğŸ˜ŠğŸ˜ŠğŸ˜ŠğŸ˜Š,positive,other
elle est golle c vrait yeuxğŸ™„,negative,other
how is it my business ğŸ™„,negative,other
nigatkhan3621 yapppp,positive,other
omg so cute,spam,other
pls ğŸ’‹ğŸ’…ğŸ‘¹ğŸ˜­,spam,other
passed the entreviw,positive,other
ğŸ˜ŠğŸ˜Š,positive,other
my natural lips look like this ğŸ˜¢,negative,general_command
very beautiful i purple you everyone,spam,other
ğŸ”¥ğŸ”¥ğŸ”¥ğŸ”¥,spam,other
â¤â¤â¤â¤â¤â¤â¤â¤â¤â¤â¤â¤â¤â¤â¤,spam,other
â¤,spam,other
whats this hairstyle called,positive,hair
yassssss,spam,other
you slayed this transition,spam,other
à¤®à¤¨ à¤•à¤ˆ à¤…à¤ªà¤¸à¤° à¤¸à¤µà¤°à¤— à¤¸ à¤‰à¤¤à¤° à¤†à¤ˆ à¤¹âœ¨,positive,other
frndship krogi mujhse,positive,other
made it better,spam,other
amazing ğŸ˜Š,positive,other
i love you,spam,other
i love the idea â¤ğŸ˜‚,spam,other
personally i cant relate bc i go to an all girls school,negative,other
algermia pliiiiiz ğŸ¥°,positive,other
you look stunning i love it â¤â¤,spam,other
built in pillow,positive,other
iamapersont6s and yes she does address it in the video did you watch the entire thing,positive,other
muslim â¤â¤â¤â¤â¤,spam,other
yessss finally a real queen,spam,other
this audio make me wanna watch it again its so dramatic the audio ahhh,spam,other
i really wanna see brad react to brunette to ginger videossss,positive,other
shes giving riri,positive,other
hayeee kisi ki nazar na lage apko diduâ¤ğŸ§¿ btw u prove that colour doesnt matter and all colors are beautifulğŸ˜âœ¨,positive,other
both were good,spam,other
bald and blond,positive,other
can you do this ğŸ€ğŸ¯ğŸƒğŸ¨,spam,other
telling people to pluck their facial hair is some really bad advice u shouldnt pluck facial hair because if u ever want a beard when ur older u cant anymore,negative,hair
super se bhi uper,positive,other
245 are best,spam,other
can u do ğŸ˜ºğŸ„ğŸ¥‘ğŸ¦‹,positive,other
ella es bonita con y sin maquillaje envidiosas son las que le dicen comentarios despectivos,positive,other
userit5po2dq9w um look at dua lipa lol she has some masculine features not completely but there are some,positive,other
this is power off makeup ğŸ˜‚ğŸ˜‚,positive,cosmetic
i hate her she is too much,negative,other
women out here hatin on the short kings while us men have to worry about this type of cat fishery ğŸ˜µğŸ’«,negative,other
why do you look so angry all the time,negative,other
oh god help men be menğŸ˜¢,negative,other
indian,positive,other
is she saying allahs name in the bathroom ğŸ˜‚,positive,other
plzâ™ˆâ™‰â™Šâ™‹â™Œâ™â™â™â™â™‘â™’â™“,positive,other
these are wonderful tips thank youğŸ˜Š,positive,other
i just watched it its not as good as the first one,negative,other
looking like a ghost,negative,general_command
they work and as a person with long lashes born with i hate it so why would i get longer lashes right ofc i will never do it because i get enough lashes in my eyes every day,negative,other
proud 2 be asian â¤,spam,other
ğŸ‰â¤ğŸ˜¢ğŸ˜…ğŸ˜ŠğŸ˜‚ğŸ˜®do it,positive,other
before i said to myself im not skinny enough but ur the one who made me think im pretty the way i am u made my dayâ¤,spam,skincare
adaptive preferences do hurt women its not your choice when you forced to do that its also keep women poor to make them more available for males to abuse,negative,other
â¤â¤â¤â¤â¤,spam,other
ikr how do i stop this,negative,other
thank mam pehale bleach bad me facial,positive,other
muslims â¤â¤,spam,other
oh this video was about hair products ğŸ˜‚,positive,hair
well done my dear,spam,other
thank you â˜º,spam,other
plz smal eyes pe makeup krny pe ak video bnay,positive,cosmetic
nice daâ£,spam,other
pantes di liatin sama teman sekelas cowok lagi karna kk ny cantik bgtğŸ˜ğŸ˜ğŸ˜ğŸ˜ğŸ¥°ğŸ§šğŸ»â™€ğŸŒ¹ğŸ’,positive,other
abosyoi parbe,positive,other
both,positive,other
red heads ğŸ‘‡,positive,other
she was,positive,other
babyy,positive,other
â¤ğŸ©¹â¤ğŸ©¹â¤ğŸ©¹â¤ğŸ©¹,positive,other
boycottrarebeauty,negative,other
vocÃª arrasa muito biaa â¤ğŸ˜ğŸ˜,positive,other
radha jaisa makeup boyfriend se milane ke liye,positive,cosmetic
well alright now fabulous â¤â¤â¤,spam,other
not to be rude but how did you write that,negative,other
smell like fish,positive,general_command
if youre old here im courtney ryan rotflmao,positive,other
2010s the finger its so funny ğŸ˜‚,spam,other
shes actually really correct other than the fact that shes wearing make up herself im not talking about the person in the video im talking about the person in the audio sometimes some make up can put some stuff on your face and you have to buy more when you dont know the make up is whats making you react,positive,other
i have both straight and curly hair,positive,hair
2 bar,positive,other
b f mobile se baat karti hai ki mobile ke cover se,positive,other
wowamazingu luk so beautiful sis ğŸ‘ğŸ‘ğŸ‘ recently i was watching ur video so many changes in ur makeupu keep rockingsis best wishes ğŸ’,positive,cosmetic
my brother said makeup spongeğŸ˜‚ğŸ˜‚ğŸ˜‚â¤,spam,cosmetic
my question is what foundation is this and where to buy,positive,cosmetic
zabardast ğŸ‘,positive,other
br,positive,other
yoo yall me need to grow up or go to another country ğŸ’¯,negative,other
shayla mcbroom is that you,positive,other
night,positive,other
pls open a game plsss,positive,other
who thinks that denny did it better than the person in the video itself ğŸ˜Šâ¤,positive,other
why are you bald,negative,other
whats the difference between white and brown,positive,other
i swear if anyone from my school sees this lm cooked more down almost there m,positive,other
vocÃª Ã© linda de qualquer jeitoâ¤â¤â¤,spam,other
all,positive,other
desi,positive,other
i thought it was kinda giving crazy barbie anyone else,positive,other
ewwwww you dont need make up or hair you are pretty the way you areâ¤â¤â¤â¤ i love youâ¤,spam,hair
i think its fake tan fading unevenly,negative,other
Ğ¾Ğ½Ğ° ÑĞ¸Ğ»ÑŒĞ½Ğ¾ Ğ¿Ğ¾Ñ…ÑƒĞ´ĞµĞ»Ğ°Ğ²Ñ‹Ğ³Ğ»ÑĞ´Ğ¸Ñ‚ Ğ¾Ñ‡ĞµĞ½ÑŒ Ğ±Ğ¾Ğ»ĞµĞ·Ğ½ĞµĞ½Ğ½Ğ¾ĞºĞ°Ğº Ñ ĞºĞ¾Ğ³Ğ´Ğ° Ğ±Ğ¾Ğ»ĞµĞ»Ğ° Ñ€Ğ¿Ğ¿,positive,other
à¤•à¤¯ à¤‡à¤¸à¤¤à¤®à¤² à¤•à¤°à¤¤ à¤¹,positive,other
thank you for watching video if you enjoy it please like share and subscriber to support our channel,spam,general_command
atleast dont copy someone else face for thumbnails,positive,other
thats fabbbb sisğŸ˜ğŸ˜ğŸ˜ğŸ˜ğŸ˜ğŸ˜ğŸ˜,positive,other
teenage me bra hi ni pasand tha ğŸ˜†,positive,other
ğŸ˜‚ğŸ˜‚ğŸ˜‚ğŸ˜‚ğŸ˜‚,positive,other
funny ğŸ˜‚ğŸ˜‚ğŸ˜‚,spam,other
à¤…à¤¬à¤¨ à¤• à¤¶à¤¦ à¤® à¤¤à¤®à¤¹ à¤¬à¤²à¤¯ à¤¹à¤—,positive,other
hi peachieğŸ’ƒ,spam,other
dr sania is a lady from paradise and will be surely go back to paradise she is living legend and her performance during pm imran khan were out standing ahsaas program is launched by her and it was very successful people still appreciate her services allah keep her blessed always with good health and happiness amin her talks brought tears in my eyes,spam,other
bhi ye buty parler vali haiğŸ˜‚ğŸ˜‚,positive,other
nice hi,spam,other
bts,positive,other
k dont even play you cant say she didnt eat,negative,other
ok ok slayyyy queen,spam,other
night is so funny â¤â¤â¤â¤â¤â¤â¤â¤ i love you too and,spam,other
so beautiful my di ğŸ’–ğŸ’–ğŸ’–ğŸ’– happy diwali in advance ğŸ’“ğŸ’“,positive,other
who else thinks denis version looks better,positive,other
moana and jasmine combined ğŸ˜‚,positive,other
ğŸ˜Š thank you,positive,other
what products from moroccanoil do you use i have the oil and been using it for years,positive,other
du bist schon eine nuts ne,positive,other
you look more beautiful than herğŸ˜…,spam,other
1930 and 1960 and 1990ğŸ˜Š and 2010 and 2020ğŸ˜Š,positive,other
tamsak done host lyn o here,positive,other
dollar tree press on nails,positive,other
nice,spam,other
this means a lot to me bc im pansexual,spam,other
i guess she is good now,spam,other
â¤,spam,other
Ø³Ø¨Ø­Ø§Ø¢Ù†ÙƒÙ€ Ø¢Ù„Ù„Ù‡Ù… ÙˆØ¨Ø­Ù…Ø¯Ùƒ Ø£Ø´Ù‡Ø¯ Ø£Ù† Ù„Ø§ Ø¥Ù„Ù‡ Ø¥Ù„Ø§ Ø£Ù†Øª Ø£Ø³ØªØºÙØ±Ùƒ ÙˆØ£ØªÙˆØ¨ Ø¥Ù„ÙŠÙƒ ğŸ’œğŸ’œğŸ’› Ø¥Ù„Ù„ÙŠ ÙŠÙ‚ÙˆÙ„ Ù‡Ø°Ø§ Ø§Ù„Ø°ÙƒØ± Ù„Ø§ ÙŠØºØ§Ø¯Ø± Ø§Ù„Ù…ÙƒØ§Ù† Ø¥Ù„Ø§ ÙˆÙ‡Ùˆ Ù…ØºÙÙˆØ± Ù„Ù‡ Ø¨Ø¥Ø°Ù† Ø§Ù„Ù„Ù€Ù‡ ğŸ’›ğŸ’›ğŸ’œ,positive,other
i love it ğŸ’—,spam,other
ğŸ˜‚ğŸ˜‚,positive,other
local kylieğŸ˜„,positive,other
wow super model looks,spam,other
youre hilarious ğŸ˜‚,spam,other
so cute,spam,other
Ú†Ù‡ Ø¬Ø°Ø§Ø¨,positive,other
ÙŠØ§ ÙŠØ§Ù…Ùˆ ÙˆÙ„ÙŠ ÙˆÙ„ÙŠ Ù„Ø§ ØªÙÙƒØ±Ùˆ Ù†Ø­Ù†Ø§ Ø¨Ù†Ø§Øª Ø³ÙˆØ±ÙŠØ§ Ù†Ø­Ù†Ø§ ÙˆØ§Ù„Ù„Ù‡ Ø§Ù„Ø¹Ø¸ÙŠÙ… Ù…Ø§ Ø¨Ù†Ø­Ø· Ù…ÙƒÙŠØ§Ø¬,positive,other
ğŸ‘½,positive,other
my father said uhhh the pat pat pat its what your mom used to cover her skin,positive,skincare
india buityfullğŸ˜‡ğŸ˜€,spam,other
sugar is my favourite all my love â¤â¤â¤ happy new year ğŸ’–,positive,other
f â¤â¤â¤â¤â¤,spam,other
purple colour kis outfit ke sath kaun si lipstick lagaye,positive,cosmetic
desi,positive,other
slay girl â¤ğŸ˜Š,positive,other
ğŸ¥°ğŸ¥°ğŸ¥°Ø£ØªØ§ ØªØ´Ø¨Ù‡ÙŠ Ù„Ø§Ù‚Ù…Ø±,positive,other
ahh ryan this is life changing ğŸ˜‚,spam,other
nÃ£o precisa botar a boca no microfone nÃ£o oxe o que vocÃª quer comer nÃ© pode comer,positive,other
shineever is it also work for me because i am ordering now ğŸ˜…,spam,other
you missed a couple steps like aegyo,negative,general_command
literally me i have wavy hair,positive,hair
you are soooo beautiful â¤,spam,other
you dont have curly hair ğŸ‘‡ğŸ¼,positive,hair
mam make a vedio on upper lip make slim,positive,other
he is a miracle worker amazing,spam,other
prompt rÃ©tablissement Ã  tous les malades bravo pour votre courage madame,positive,other
apparently is a hair dye lol,positive,hair
idk bro ive been seeing you do your own makeup for a long time and this is not you it doesnt look cohesive it looks like youve got 5 shades of brown in different parts,negative,cosmetic
i do not agree black hair dose grows maybe maybe it doesnt grow that fast yes maybe other nationalities,negative,hair
lip liner shade no pls,positive,other
i love all,spam,other
he,positive,other
modern generation remember the old generation they are warriors and what are you,positive,other
india is best,spam,other
ğŸ˜‚ğŸ˜‚ğŸ˜‚,positive,other
needs to be even shorter,positive,other
i dont wear make up at alli have imperfections and i can see its not a problem to get attentioneven when you dont want it,positive,other
beginningğŸ¤ª end ğŸ‘½,positive,other
sehr coole aktionğŸ‘,positive,other
india is always best and now also,spam,other
eye makeup remov kese krenge,positive,cosmetic
hindu â¤â¤â¤â¤â¤â¤,spam,other
lol,positive,other
1960s reminds me of a person named barbara,positive,other
â¤,spam,other
fat people are also humans plz dont treat them like stray dogs,negative,general_command
phone nahin hai vah phone cover hai vahğŸ˜‚ğŸ¤£ğŸ˜‚ğŸ¤£ğŸ˜‚ğŸ˜‚ğŸ˜‚ğŸ˜‹ğŸ¤£ğŸ˜‚ğŸ¤£ğŸ˜ğŸ˜ğŸ˜,positive,other
aww thank you dear ğŸ˜˜ğŸ˜ please share ğŸ’–ğŸ¤—,positive,general_command
korean makeup ğŸ’„,negative,cosmetic
dahi,positive,other
didivai tumi live video koro na go,positive,other
day and night look,positive,other
yall just hating on a child rude,negative,other
,positive,other
youre right their queens ğŸ‘¸,spam,other
omg what a transformation you have a magic in your hand with any kind of skin toneğŸ‘ŒğŸ‘Œ,spam,skincare
the girl in the audio is making me cringe typical not like other girls type shit,negative,general_command
kiero hacerme un corte asi,positive,other
the korean side is the makeup i wear,positive,cosmetic
i had the crying game vibes,negative,other
la,positive,other
you are very bad app result show q nhi krti â˜¹â˜¹â˜¹,negative,other
shes so relatable,spam,other
make a one video daily pleaseğŸ™,spam,other
well depending on how close youre to the bride in india you could effort to look like a 8 or even a 9,positive,general_command
beautiful shiviğŸ˜â¤,positive,other
1980sâ¤â¤â¤,spam,other
those before photos were after you were done swimming bruh,positive,other
the first one is karen 101,positive,other
ğŸ©µğŸ©µğŸ©µğŸ©µğŸ©µğŸ©µ,positive,other
duâ¤â¤,spam,other
â¤â¤,spam,other
beautiful â¤â¤,spam,other
very nice,spam,other
thanks,positive,other
beautiful,spam,other
we wish we dont ware hijab to do the cute hair stylesğŸ¥º,positive,hair
ğŸ¤©,spam,other
m his name is malachi,positive,other
if she is comfortable with her weight its really not your business any health problems that arise which can happen to people of any size are only the business of the unhealthy and their doctors also minding everyone elses business clearly shows that youre not doing too hot either,negative,other
if yeah whos ur girlfriend,positive,other
pero si tiene talento,positive,other
nice,spam,other
she is wearing her sisters dress in the end,positive,other
you are college pass girl because you are have so many makeup and how your mother allow you to do do so many makeup ğŸ˜¡ğŸ˜¡ğŸ˜¡ğŸ˜¡ğŸ˜¡,negative,cosmetic
she is like a magician what a big difference cant wait to try all of her tips,spam,general_command
angry girl,negative,other
bridal or party makeup used in palour is here,positive,cosmetic
fast furious is my favorite tooğŸ‘ğŸ¼,positive,other
didi dedh sau rupay ka headphone lga k kattii jehar kattti jehr khti hwhi waali didi h ye,positive,other
nah not enough spray deodorant,negative,other
you look like areanda granda on the last one,positive,general_command
c for crush,positive,other
i live in md â¤â¤,spam,other
Ñ Ğ´ÑƒĞ¼Ğ°Ğ»Ğ° ÑÑ‚Ğ¾ ÑĞ»Ğ°Ğ¹Ğ¼ Ğ¸Ğ»Ğ¸ ĞºĞ°Ğº ĞµĞ³Ğ¾ Ğ»Ğ¸Ğ·ÑƒĞ½ Ğ´ĞµÑ‚ÑĞºĞ¸Ğ¹ Ğ² Ğ±Ğ°Ğ½ĞºĞµ ğŸ˜‚,positive,other
wow,positive,other
idon t likeğŸ˜‚,positive,general_command
wow eniola thank you very much for this information very educational but i have question do these routines apply to the face as well,spam,other
try the back friking idiots think shes fakin,negative,other
fambruh,positive,other
is she a mathematics artist lol what i search what i got ğŸŒšğŸ¤Œ,positive,other
1ì‹œì¦Œì€ ì¢‹ì•˜ëŠ”ë° í• ë§í•˜ì•Š,positive,other
india,positive,other
beautifulâ¤â¤â¤â¤,spam,other
you talk way too much less talk more action,negative,other
she looks like a normal human to me with and without makeup if you think youre way more prettier than her without makeup that u are giving opinions on someones body when no one asked them maybe try going for miss universe,positive,cosmetic
i just realised you have just one video on your channel but i subscribed cus i enjoyed it and i wanna see more stuffâ¤,spam,general_command
you look beautiful in ginger and your natural self ğŸ’–ğŸ’–â¤ğŸ‰,positive,other
contact lenses shade name plz,positive,other
tu pagal hai tu pagal hai tu pagal hai tu pagal hai tu mere paas kuch nahi ho sakta h kya hai tu mere paas kuch nahi hai tu mere paas kuch nahi hai tu,positive,other
â¤â¤,spam,other
not even kylie jenner looks like kylie jenner anymore,positive,general_command
why do you tease the hair,negative,hair
horrible thats not the same lipstick ğŸ’„,negative,cosmetic
india,positive,other
nice look,spam,other
i have face shape similar to yours and trying to figure out a suitable look for myself your video is really helpful and you look amazing with this makeup look hope you create more makeup tutorials tysm,spam,cosmetic
cute idea my hair has to get a little longer for me to try this trick but im definitely going to try it on my 4 year old granddaughter whose hair is always in her face and it drives me crazyğŸ¤£,spam,hair
ha ha you are soo hilarious,spam,other
my anxiety when i saw it it her eyes ğŸ“ˆğŸ“ˆğŸ“ˆğŸ“ˆğŸ“ˆğŸ“ˆğŸ“ˆğŸ“ˆğŸ“ˆ,negative,other
ğŸŒ»,positive,other
ğŸ‘£ğŸ•¸ğŸ”ªğŸŒ“,positive,other
rashadslife no way you paid 100 ğŸ˜‚ hell nah i was thinking bout getting one till i saw the price shit ill just get a lil spin brush thanks anyway g,positive,other
damn sexy af hello ğŸ–ğŸ¾ bae took the assignment to another level,spam,other
that is sosososooooo good i could never,spam,other
love ğŸ¥°,positive,other
omg what sorcery is thisshe is the most beautiful woman on earth that bone structure those blue sparkly eyes such a pretty complexion this should be illegal unfair against all other women on planet ğŸ˜¢ğŸ˜…â¤,negative,other
you should put a trigger warning for people who can not see blood cause you kinda looked like you murdered yourself,negative,general_command
how much time it takes to complete the whole process ğŸ˜¢ğŸ˜¢,negative,other
â¤â¤â¤â¤â¤â¤,spam,other
is it just me or did he look like one of the stoke twins before,positive,general_command
so cute,spam,other
are you justin bieber girlfriend,positive,other
i actually like how my hair curves out because it doesnt get in my face and frames it really well also you are so pretty,spam,hair
wowğŸ˜®ğŸ˜®ğŸ˜®â˜º,positive,other
i think she said isaiah,positive,other
sğŸ˜… bro you dont,positive,other
do 2016,positive,other
this is not all british peopleğŸ™„,negative,other
this is the first time i have ever subscribed to a channel by watching just one video lmao,spam,general_command
this probably looks like ğŸ’©ğŸ’©ğŸ’© in person,negative,general_command
first apply lip balm,positive,other
mam aap fitoor ki 30 episo de mein dilnasheen ka makeup kare look please like please,positive,cosmetic
yore â¤â¤â¤,spam,other
india,positive,other
even your hands look so beautiful youre truly so beautiful ğŸ˜­ğŸ¥ºâ¤,spam,other
can u share link for the accessories organiser,positive,general_command
gotta love that getting a diploma is what is the goal these days not an education or knowledge in valuable fields that no one can ever take away nope just grade inflation if grades at all these days and a diploma in any ridiculous field im a graduate im hot people used to demand universities to provide top tier teachers that could impart real wisdom and practical knowledge now students cheer when class is cancelled a class that likely cost them over 700 1000 then they ask why their loans are so high and why they cant find jobs you didnt get an education you got a diploma but hey youre hot,spam,general_command
indian wear ke sath achcha lag raha,positive,other
thank you so much curly tales for this interview it is so so inspiring one of the best interviews on curly tales â¤,spam,other
5 giving food 1 boys answering 94 girls saying what people said,positive,other
levijedmurphy,positive,other
aapne eye ke bagal me kuchh jyada powder laga liya hai,positive,other
you look amazing but remember you are pretty with or without makeup,spam,cosmetic
can u say bottle of water please ğŸ¥º,positive,other
yay so fun i admire your boldnesss to change your look also your skin is beautiful ğŸ˜,positive,skincare
baab,positive,other
à¤®à¤•à¤…à¤ª à¤• à¤¨à¤® à¤¬à¤¤à¤‡à¤ à¤•à¤¨à¤¸ à¤²à¤¨ à¤¹,positive,other
alleyrose24 u can call me a mistake or anything u want but he is still a man,positive,other
men with good hygiene are actually really attractive those who are commenting about other men taking care of themselves are the ones who have not been near a woman,spam,general_command
love this lookğŸ˜ğŸ˜â¤â¤ğŸ‘ŒğŸ˜Š,positive,other
dashing yash jiâ¤,spam,other
mashallah mashallah mashallah api you r soo cute and your husband mashallah soo sweet allah pak apko apki family ko dhyr sari khushiyo sy nawazy ameen love you apiğŸ’ğŸ’ğŸ’,spam,other
nope just the you,positive,other
i am convinced that your method of facial exercises will work more than other facial exercises l had practiced i felt the tension in my facial muscles while following your exercises while with the other methods that requires hand manipulation of the facial muscles externally l dont feel the effects as with your method i will now seriously consider using your method often,spam,general_command
ada halal dan bpom nya gak,positive,other
india is best,spam,other
mam apka no kiya h,positive,other
cest incroyable ğŸ˜®ğŸ˜®,negative,other
sorry you did not win this trend i know somebody who has hair really long,negative,hair
absolutely hermosa mami see when everyone is trying to put you down just remember two things they really dont feel that good about themselves and also you have something so special and so rare and so beautiful dont ever forget thatâ¤â¤â¤â¤â¤â¤â¤hermosa chica bonita ğŸ’‹,spam,other
you are pretty the way you areâ¤,spam,other
itne lambe nail extensions hain aapke baby k sath aapko prob nahi aati inke wjh se,positive,other
are you telling liza koshy isnt talking rn,positive,other
btw where r u goingğŸ˜…,positive,other
i am skih and skih girls beautiful without hair cutting who can agree ğŸ˜Š,positive,hair
gurl you slayedâ¤ğŸ˜‚,spam,other
american,positive,other
odgj jenis apa bang bisa nurut,positive,other
lol he was funnyğŸ˜,spam,other
u are soo pretty btwâ¤,spam,other
very beautiful girl,spam,other
di wese to me apki mostly video dekhti hun but comments nhi kr pati hun kabhi but really aap bhot acha ho mana aap iska bhi payment lete ho pr ek insan apne life h jo kaam doctor la hota h wo aap ne kiyaaâ¤â¤â¤â¤â¤â¤â¤dil se apke liye blessingsğŸ™ğŸ™ğŸ™ğŸ™ğŸ™,spam,general_command
as a loyal side part girl i gotta say that middle part looked pretty good lol thank you,spam,other
i love this type of eye looks ğŸ˜˜ğŸ˜˜,spam,other
this is a legit question im not trying to be rude but i wanna know why you became a woman im not trying to be rude i love your account i just want to know your so good at that you should be a makeup artist,spam,cosmetic
bro at least your hair long,positive,hair
no difference,positive,other
coolâ¤,spam,other
jenniferibarra7737the new guy shes leaving her husband for was also married when they started hooking up allegedly,positive,other
meri tarah kise difference nahi dikha ğŸ˜…ğŸ˜…ğŸ˜…,positive,other
no way same person are you saying this about yourself,negative,other
thank you so much,spam,other
â¤â¤â¤,spam,other
u really do think that but just cover it up so your not cancelled,negative,other
Ù…Ø§ÙÙŠØ´ Ø­Ø§Ø¬Ù‡ ØªÙØªØ­,positive,other
you look so gorgeous ğŸ–¤âœ¨ğŸ¦‹,spam,other
bald,positive,other
akka hairstyle video podunga,positive,hair
irl rapunzle,positive,other
Ğ¿Ñ€Ğ¸Ğ»ÑƒÑ‡Ğ½Ñ‹Ğ¹,positive,other
paano nyo po nalaman na ayaw sa knya ng parent ni loonyonapanood kopo ung sa djs vlog pero ung s ababae aayw kay lunioat paano dw malalamn kung mahal pagdw ayw mona mawla sa knyakaht career pero bat tinatago ni lunio c girl meaning ma smahal ang careerhahhahaha,positive,other
thats my country ğŸ˜³ğŸ˜³,positive,other
dont listen to them you are beautiful i wish i was pretty as you,spam,other
thank you so much â˜ºâ™¥,spam,other
no one is born ugly we are just born in judgmental society kim namjoonğŸ’—ğŸŒš,positive,other
wtf,negative,other
so proud of african,spam,other
why do people not like boys makeup,negative,cosmetic
bruhhhhh u look gorgeous ğŸ€ğŸ€slay queennnn â¤ğŸ©¹,spam,other
all that make up im so sick of societal beauty standards and im sick of people pushing them on other people my leg hair is beautiful my underarm hair is beautiful the occasional acne from my period is beautiful my crazy hair in the morning is beautiful and if you dont think so your society is ugly and vain and empty,negative,hair
bros makeup u look a bit cringe cl,negative,cosmetic
beautiful,spam,other
very nice,spam,other
lol,positive,other
always 2020s ğŸ˜‚ğŸ˜‚â¤,spam,other
that issac is mineğŸ˜Š,positive,other
the craziest yhing is he rocks all of em,spam,other
ğŸ’©ğŸ’©ğŸ’©ğŸ’©ğŸ’©ğŸ˜ˆğŸ˜ˆğŸ˜ˆğŸ˜ˆğŸ‘¿ğŸ˜ˆğŸ˜ˆğŸ‘¿ğŸ‘¿â˜ ğŸ’€,negative,other
still do this,positive,other
all people applied air on their faces and are expecting us to think its something on their faces lol,positive,other
you still look pretty with a mustache,spam,other
panchaverna kundan,positive,other
i think black calls for youâ¤ğŸ˜Š,positive,other
im not saying this in a offensive way but i thought you were birthed a girl until a read the title you fooled me that must mean your beautiful and dont let anyone tell u otherwise,spam,other
bhaiya teachers nahin bole to theek hai per principal to school hi se nikal denge,positive,other
shouldnt the collagen mask be put on bwfore you do the makeup freckles,positive,skincare
ambani bhi kahega behan yeh kya pehna hai esse kapde seh toh haaam apni gaadi saaf kar wate haiğŸ˜‚ğŸ˜‚,positive,other
hey ready to go to the bathroom ğŸš» â¤â¤â¤â¤â¤â¤â¤â¤â¤â¤â¤â¤â¤â¤â¤â¤â¤â¤â¤â¤â¤â¤â¤â¤â¤â¤â¤â¤â¤â¤â¤â¤,spam,other
â¤â¤â¤â¤â¤,spam,other
so i guess dred locs dont grow either ğŸ˜…ğŸ˜…,positive,other
i wear it for fun around the house because i like making myself look different almost like acting makeup or to special occasions like birthdays weddings etc yk a bit of eyeshadow or lipstick but i dont wear it every day i dont agree that its needed and people shouldnt be insecure to the point where they have to wear makeup in my opinion but i dont think i or anyone else has the right to say it takes away from our beauty because its unnatural also the effects of the chemicals can generally be reversed and or treated and not all makeup products are bad for you,positive,cosmetic
how to purchase your kurtis from canada all your dresses have access only from india ğŸ˜¢,negative,other
flawless ğŸ™ŒğŸ¤©âœ¨,spam,other
